{
  "matches": [
    {
      "id": 1,
      "competition": "UEFA Champions League",
      "year": 2011,
      "round": "GroupH",
      "team1": "Barcelona",
      "team2": "AC Milan",
      "team1goals": "2",
      "team2goals": "2"
    },
    {
      "id": 2,
      "competition": "UEFA Champions League",
      "year": 2011,
      "round": "GroupG",
      "team1": "APOEL Nikosia",
      "team2": "Zenit St. Petersburg",
      "team1goals": "2",
      "team2goals": "1"
    },
    {
      "id": 3,
      "competition": "UEFA Champions League",
      "year": 2011,
      "round": "GroupF",
      "team1": "Borussia Dortmund",
      "team2": "Arsenal",
      "team1goals": "1",
      "team2goals": "1"
    },
    {
      "id": 4,
      "competition": "Bundesliga",
      "year": 2015,
      "round": "",
      "team1": "Borussia Dortmund",
      "team2": "Hannover 96",
      "team1goals": "1",
      "team2goals": "0"
    },
    {
      "id": 5,
      "competition": "Bundesliga",
      "year": 2015,
      "round": "",
      "team1": "VfB Stuttgart",
      "team2": "Hertha BSC",
      "team1goals": "2",
      "team2goals": "0"
    },
    {
      "id": 6,
      "competition": "Bundesliga",
      "year": 2015,
      "round": "",
      "team1": "Werder Bremen",
      "team2": "1899 Hoffenheim",
      "team1goals": "1",
      "team2goals": "1"
    },
    {
      "id": 7,
      "competition": "UEFA Champions League",
      "year": 2011,
      "round": "GroupH",
      "team1": "Viktoria Plzen",
      "team2": "BATE Borisov",
      "team1goals": "1",
      "team2goals": "1"
    },
    {
      "id": 8,
      "competition": "UEFA Champions League",
      "year": 2011,
      "round": "GroupE",
      "team1": "Chelsea",
      "team2": "Bayer Leverkusen",
      "team1goals": "2",
      "team2goals": "0"
    },
    {
      "id": 9,
      "competition": "UEFA Champions League",
      "year": 2011,
      "round": "GroupG",
      "team1": "FC Porto",
      "team2": "Shakhtar Donetsk",
      "team1goals": "2",
      "team2goals": "1"
    },
    {
      "id": 10,
      "competition": "UEFA Champions League",
      "year": 2011,
      "round": "GroupE",
      "team1": "KRC Genk",
      "team2": "Valencia CF",
      "team1goals": "0",
      "team2goals": "0"
    },
    {
      "id": 11,
      "competition": "UEFA Champions League",
      "year": 2011,
      "round": "GroupF",
      "team1": "Olympiacos",
      "team2": "Olympique Marseille",
      "team1goals": "0",
      "team2goals": "1"
    },
    {
      "id": 12,
      "competition": "UEFA Champions League",
      "year": 2011,
      "round": "GroupD",
      "team1": "AFC Ajax",
      "team2": "Olympique Lyon",
      "team1goals": "0",
      "team2goals": "0"
    },
    {
      "id": 13,
      "competition": "UEFA Champions League",
      "year": 2011,
      "round": "GroupC",
      "team1": "Basel",
      "team2": "Otelul Galati",
      "team1goals": "2",
      "team2goals": "1"
    },
    {
      "id": 14,
      "competition": "UEFA Champions League",
      "year": 2011,
      "round": "GroupA",
      "team1": "Villarreal",
      "team2": "Bayern Munich",
      "team1goals": "0",
      "team2goals": "2"
    },
    {
      "id": 15,
      "competition": "UEFA Champions League",
      "year": 2011,
      "round": "GroupB",
      "team1": "Lille OSC",
      "team2": "CSKA Moskva",
      "team1goals": "2",
      "team2goals": "2"
    },
    {
      "id": 16,
      "competition": "UEFA Champions League",
      "year": 2011,
      "round": "GroupD",
      "team1": "Dinamo Zagreb",
      "team2": "Real Madrid",
      "team1goals": "0",
      "team2goals": "1"
    },
    {
      "id": 17,
      "competition": "UEFA Champions League",
      "year": 2011,
      "round": "GroupB",
      "team1": "Internazionale",
      "team2": "Trabzonspor",
      "team1goals": "0",
      "team2goals": "1"
    },
    {
      "id": 18,
      "competition": "UEFA Champions League",
      "year": 2011,
      "round": "GroupA",
      "team1": "Manchester City",
      "team2": "SSC Napoli",
      "team1goals": "1",
      "team2goals": "1"
    },
    {
      "id": 19,
      "competition": "UEFA Champions League",
      "year": 2011,
      "round": "GroupC",
      "team1": "SL Benfica",
      "team2": "Manchester United",
      "team1goals": "1",
      "team2goals": "1"
    },
    {
      "id": 20,
      "competition": "UEFA Champions League",
      "year": 2011,
      "round": "GroupD",
      "team1": "Real Madrid",
      "team2": "AFC Ajax",
      "team1goals": "3",
      "team2goals": "0"
    },
    {
      "id": 21,
      "competition": "UEFA Champions League",
      "year": 2011,
      "round": "GroupC",
      "team1": "Manchester United",
      "team2": "Basel",
      "team1goals": "3",
      "team2goals": "3"
    },
    {
      "id": 22,
      "competition": "UEFA Champions League",
      "year": 2011,
      "round": "GroupA",
      "team1": "Bayern Munich",
      "team2": "Manchester City",
      "team1goals": "2",
      "team2goals": "0"
    },
    {
      "id": 23,
      "competition": "UEFA Champions League",
      "year": 2011,
      "round": "GroupB",
      "team1": "CSKA Moskva",
      "team2": "Internazionale",
      "team1goals": "2",
      "team2goals": "3"
    },
    {
      "id": 24,
      "competition": "English Premier League",
      "year": 2012,
      "round": "",
      "team1": "Manchester United",
      "team2": "Chelsea",
      "team1goals": "0",
      "team2goals": "1"
    },
    {
      "id": 25,
      "competition": "English Premier League",
      "year": 2012,
      "round": "",
      "team1": "Manchester United",
      "team2": "Everton",
      "team1goals": "2",
      "team2goals": "0"
    },
    {
      "id": 26,
      "competition": "English Premier League",
      "year": 2012,
      "round": "",
      "team1": "Manchester United",
      "team2": "Fulham",
      "team1goals": "3",
      "team2goals": "2"
    },
    {
      "id": 27,
      "competition": "English Premier League",
      "year": 2012,
      "round": "",
      "team1": "Manchester United",
      "team2": "Liverpool",
      "team1goals": "2",
      "team2goals": "1"
    },
    {
      "id": 28,
      "competition": "English Premier League",
      "year": 2012,
      "round": "",
      "team1": "Manchester United",
      "team2": "Manchester City",
      "team1goals": "1",
      "team2goals": "2"
    },
    {
      "id": 29,
      "competition": "English Premier League",
      "year": 2012,
      "round": "",
      "team1": "Manchester United",
      "team2": "Newcastle United",
      "team1goals": "4",
      "team2goals": "3"
    },
    {
      "id": 30,
      "competition": "English Premier League",
      "year": 2012,
      "round": "",
      "team1": "Manchester United",
      "team2": "Norwich City",
      "team1goals": "4",
      "team2goals": "0"
    },
    {
      "id": 31,
      "competition": "English Premier League",
      "year": 2012,
      "round": "",
      "team1": "Manchester United",
      "team2": "Queens Park Rangers",
      "team1goals": "3",
      "team2goals": "1"
    },
    {
      "id": 32,
      "competition": "English Premier League",
      "year": 2012,
      "round": "",
      "team1": "Manchester United",
      "team2": "Reading",
      "team1goals": "1",
      "team2goals": "0"
    },
    {
      "id": 33,
      "competition": "English Premier League",
      "year": 2012,
      "round": "",
      "team1": "Manchester United",
      "team2": "Southampton",
      "team1goals": "2",
      "team2goals": "1"
    },
    {
      "id": 34,
      "competition": "English Premier League",
      "year": 2012,
      "round": "",
      "team1": "Norwich City",
      "team2": "Swansea City",
      "team1goals": "2",
      "team2goals": "2"
    },
    {
      "id": 35,
      "competition": "English Premier League",
      "year": 2012,
      "round": "",
      "team1": "Norwich City",
      "team2": "Tottenham Hotspur",
      "team1goals": "1",
      "team2goals": "1"
    },
    {
      "id": 36,
      "competition": "English Premier League",
      "year": 2012,
      "round": "",
      "team1": "Norwich City",
      "team2": "West Bromwich Albion",
      "team1goals": "4",
      "team2goals": "0"
    },
    {
      "id": 37,
      "competition": "La Liga",
      "year": 2016,
      "round": "",
      "team1": "Celta Vigo",
      "team2": "Real Madrid",
      "team1goals": "1",
      "team2goals": "4"
    },
    {
      "id": 38,
      "competition": "La Liga",
      "year": 2016,
      "round": "",
      "team1": "Granada CF",
      "team2": "Espanyol Barcelona",
      "team1goals": "1",
      "team2goals": "2"
    },
    {
      "id": 39,
      "competition": "La Liga",
      "year": 2016,
      "round": "",
      "team1": "Deportivo La Coruna",
      "team2": "UD Las Palmas",
      "team1goals": "3",
      "team2goals": "0"
    },
    {
      "id": 40,
      "competition": "La Liga",
      "year": 2016,
      "round": "",
      "team1": "CD Leganes",
      "team2": "CD Alaves",
      "team1goals": "1",
      "team2goals": "1"
    },
    {
      "id": 41,
      "competition": "La Liga",
      "year": 2016,
      "round": "",
      "team1": "Sevilla FC",
      "team2": "CA Osasuna",
      "team1goals": "5",
      "team2goals": "0"
    },
    {
      "id": 42,
      "competition": "La Liga",
      "year": 2016,
      "round": "",
      "team1": "Sporting Gijon",
      "team2": "Real Betis",
      "team1goals": "2",
      "team2goals": "2"
    },

    {
      "id": 43,
      "competition": "English Premier League",
      "year": 2012,
      "round": "",
      "team1": "Norwich City",
      "team2": "West Ham United",
      "team1goals": "0",
      "team2goals": "0"
    },
    {
      "id": 44,
      "competition": "English Premier League",
      "year": 2012,
      "round": "",
      "team1": "Norwich City",
      "team2": "Wigan Athletic",
      "team1goals": "2",
      "team2goals": "1"
    },
    {
      "id": 45,
      "competition": "English Premier League",
      "year": 2012,
      "round": "",
      "team1": "Queens Park Rangers",
      "team2": "Arsenal",
      "team1goals": "0",
      "team2goals": "1"
    },
    {
      "id": 46,
      "competition": "English Premier League",
      "year": 2012,
      "round": "",
      "team1": "Queens Park Rangers",
      "team2": "Aston Villa",
      "team1goals": "1",
      "team2goals": "1"
    },
    {
      "id": 47,
      "competition": "English Premier League",
      "year": 2012,
      "round": "",
      "team1": "Queens Park Rangers",
      "team2": "Chelsea",
      "team1goals": "0",
      "team2goals": "0"
    },
    {
      "id": 48,
      "competition": "English Premier League",
      "year": 2012,
      "round": "",
      "team1": "Queens Park Rangers",
      "team2": "Everton",
      "team1goals": "1",
      "team2goals": "1"
    },
    {
      "id": 49,
      "competition": "La Liga",
      "year": 2016,
      "round": "",
      "team1": "Atletico Madrid",
      "team2": "Athletic Bilbao",
      "team1goals": "3",
      "team2goals": "1"
    },
    {
      "id": 50,
      "competition": "La Liga",
      "year": 2016,
      "round": "",
      "team1": "FC Barcelona",
      "team2": "SD Eibar",
      "team1goals": "4",
      "team2goals": "2"
    },
    {
      "id": 51,
      "competition": "La Liga",
      "year": 2016,
      "round": "",
      "team1": "Celta Vigo",
      "team2": "Real Sociedad",
      "team1goals": "2",
      "team2goals": "2"
    },
    {
      "id": 52,
      "competition": "La Liga",
      "year": 2016,
      "round": "",
      "team1": "Malaga CF",
      "team2": "Real Madrid",
      "team1goals": "0",
      "team2goals": "2"
    },
    {
      "id": 53,
      "competition": "English Premier League",
      "year": 2012,
      "round": "",
      "team1": "Queens Park Rangers",
      "team2": "Fulham",
      "team1goals": "2",
      "team2goals": "1"
    },
    {
      "id": 54,
      "competition": "Bundesliga",
      "year": 2015,
      "round": "",
      "team1": "SV Darmstadt 98",
      "team2": "Bayer Leverkusen",
      "team1goals": "1",
      "team2goals": "2"
    },

    {
      "id": 55,
      "competition": "Bundesliga",
      "year": 2015,
      "round": "",
      "team1": "VfL Wolfsburg",
      "team2": "FC Ingolstadt 04",
      "team1goals": "2",
      "team2goals": "0"
    },
    {
      "id": 56,
      "competition": "Bundesliga",
      "year": 2015,
      "round": "",
      "team1": "1. FC Koln",
      "team2": "Eintracht Frankfurt",
      "team1goals": "3",
      "team2goals": "1"
    },
    {
      "id": 57,
      "competition": "Bundesliga",
      "year": 2015,
      "round": "",
      "team1": "Hamburger SV",
      "team2": "Bor. Monchengladbach",
      "team1goals": "3",
      "team2goals": "2"
    },
    {
      "id": 58,
      "competition": "Bundesliga",
      "year": 2015,
      "round": "",
      "team1": "FC Augsburg",
      "team2": "Bayern Munchen",
      "team1goals": "1",
      "team2goals": "3"
    },
    {
      "id": 59,
      "competition": "Bundesliga",
      "year": 2015,
      "round": "",
      "team1": "Eintracht Frankfurt",
      "team2": "Hamburger SV",
      "team1goals": "0",
      "team2goals": "0"
    },
    {
      "id": 60,
      "competition": "Bundesliga",
      "year": 2015,
      "round": "",
      "team1": "Hertha BSC",
      "team2": "VfL Wolfsburg",
      "team1goals": "1",
      "team2goals": "1"
    }
  ]
}
